{
	"name": "polymorpher",
	"title": "polymorpher",
	"description": "A module for Foundry VTT that lets you polymorph characters into any other character!",
	"version": "0.3",
	"author": "Felix",
	"systems": ["dnd5e"],
	"scripts": ["./polymorpher.js"],
	"styles": ["./polymorpher.css"],
	"packs": [],
    "url": "https://github.com/syl3r86/polymorpher",
    "manifest": "https://raw.githubusercontent.com/syl3r86/polymorpher/master/polymorpher/module.json",
    "download": "https://github.com/syl3r86/polymorpher/raw/master/polymorpher.zip",
	"socket": true
}